Plot,Subplot,Date,Year,Month,Exposure,Focus,Openness
JZ,001A,5/12/2021,2021,5,EV-2,AF,0.101756822
JZ,001A,5/12/2021,2021,5,EV-4,AF,0.041430704
JZ,001A,5/12/2021,2021,5,EV0,AF,0.242223512
JZ,001B,5/12/2021,2021,5,EV-2,AF,0.108097615
JZ,001B,5/12/2021,2021,5,EV-4,AF,0.051757489
JZ,001B,5/12/2021,2021,5,EV0,AF,0.228929445
JZ,001C,5/12/2021,2021,5,EV-2,AF,0.129861236
JZ,001C,5/12/2021,2021,5,EV-4,AF,0.069466869
JZ,001C,5/12/2021,2021,5,EV0,AF,0.238297232
JZ,002A,5/3/2021,2021,5,EV-2,AF,0.249457422
JZ,002A,5/3/2021,2021,5,EV-4,AF,0.172630075
JZ,002A,5/3/2021,2021,5,EV0,AF,0.390799713
JZ,002B,5/3/2021,2021,5,EV-2,AF,0.118278849
JZ,002B,5/3/2021,2021,5,EV-4,AF,0.056957005
JZ,002B,5/3/2021,2021,5,EV0,AF,0.29546009
JZ,002C,5/3/2021,2021,5,EV-2,AF,0.138444584
JZ,002C,5/3/2021,2021,5,EV-4,AF,0.073703825
JZ,002C,5/3/2021,2021,5,EV0,AF,0.244623921
JZ,003A,5/12/2021,2021,5,EV-2,AF,0.103959269
JZ,003A,5/12/2021,2021,5,EV-4,AF,0.071166012
JZ,003A,5/12/2021,2021,5,EV0,AF,0.194529622
JZ,003B,5/12/2021,2021,5,EV-2,AF,0.097271492
JZ,003B,5/12/2021,2021,5,EV-4,AF,0.057720715
JZ,003B,5/12/2021,2021,5,EV0,AF,0.210862449
JZ,003C,5/12/2021,2021,5,EV-2,AF,0.18996775
JZ,003C,5/12/2021,2021,5,EV-4,AF,0.144286752
JZ,003C,5/12/2021,2021,5,EV0,AF,0.309995873
JZ,004A,5/12/2021,2021,5,EV-2,AF,0.133469548
JZ,004A,5/12/2021,2021,5,EV-4,AF,0.083402731
JZ,004A,5/12/2021,2021,5,EV0,AF,0.293304245
JZ,004B,5/12/2021,2021,5,EV-2,AF,0.121966342
JZ,004B,5/12/2021,2021,5,EV-4,AF,0.07503577
JZ,004B,5/12/2021,2021,5,EV0,AF,0.21706362
JZ,004C,5/12/2021,2021,5,EV-2,AF,0.189837786
JZ,004C,5/12/2021,2021,5,EV-4,AF,0.133388161
JZ,004C,5/12/2021,2021,5,EV0,AF,0.320180925
JZ,005A,5/12/2021,2021,5,EV-2,AF,0.101743451
JZ,005A,5/12/2021,2021,5,EV-4,AF,0.054124463
JZ,005A,5/12/2021,2021,5,EV0,AF,0.254305472
JZ,005B,5/12/2021,2021,5,EV-2,AF,0.095973043
JZ,005B,5/12/2021,2021,5,EV-4,AF,0.048954375
JZ,005B,5/12/2021,2021,5,EV0,AF,0.217004624
JZ,005C,5/12/2021,2021,5,EV-2,M,0.094887089
JZ,005C,5/12/2021,2021,5,EV-4,M,0.063734056
JZ,005C,5/12/2021,2021,5,EV0,M,0.17957087
JZ,006A,5/12/2021,2021,5,EV-2,AF,0.108992578
JZ,006A,5/12/2021,2021,5,EV-4,AF,0.035344125
JZ,006A,5/12/2021,2021,5,EV0,AF,0.283400626
JZ,006B,5/12/2021,2021,5,EV-2,AF,0.125473346
JZ,006B,5/12/2021,2021,5,EV-4,AF,0.056359934
JZ,006B,5/12/2021,2021,5,EV0,AF,0.274353085
JZ,006C,5/12/2021,2021,5,EV-2,AF,0.112371778
JZ,006C,5/12/2021,2021,5,EV-4,AF,0.074840902
JZ,006C,5/12/2021,2021,5,EV0,AF,0.252680391
JZ,007A,5/14/2021,2021,5,EV-2,M,0.115370254
JZ,007A,5/14/2021,2021,5,EV-4,M,0.067037026
JZ,007A,5/14/2021,2021,5,EV0,M,0.212833876
JZ,007B,5/12/2021,2021,5,EV-2,AF,0.119599794
JZ,007B,5/12/2021,2021,5,EV-4,AF,0.085675154
JZ,007B,5/12/2021,2021,5,EV0,AF,0.217244559
JZ,007C,5/14/2021,2021,5,EV-2,AF,0.078570971
JZ,007C,5/14/2021,2021,5,EV-4,AF,0.037236616
JZ,007C,5/14/2021,2021,5,EV0,AF,0.215733097
JZ,008A,5/14/2021,2021,5,EV-2,AF,0.083722391
JZ,008A,5/14/2021,2021,5,EV-4,AF,0.038253992
JZ,008A,5/14/2021,2021,5,EV0,AF,0.19589055
JZ,008B,5/14/2021,2021,5,EV-2,AF,0.175735832
JZ,008B,5/14/2021,2021,5,EV-4,AF,0.106435813
JZ,008B,5/14/2021,2021,5,EV0,AF,0.318892111
JZ,008C,5/14/2021,2021,5,EV-2,AF,0.070066098
JZ,008C,5/14/2021,2021,5,EV-4,AF,0.037070804
JZ,008C,5/14/2021,2021,5,EV0,AF,0.164825607
JZ,009A,5/14/2021,2021,5,EV-2,AF,0.077399996
JZ,009A,5/14/2021,2021,5,EV-4,AF,0.045077341
JZ,009A,5/14/2021,2021,5,EV0,AF,0.150243453
JZ,009B,5/14/2021,2021,5,EV-2,AF,0.049987323
JZ,009B,5/14/2021,2021,5,EV-4,AF,0.025829064
JZ,009B,5/14/2021,2021,5,EV0,AF,0.115687103
JZ,009C,5/14/2021,2021,5,EV-2,AF,0.074063439
JZ,009C,5/14/2021,2021,5,EV-4,AF,0.046237693
JZ,009C,5/14/2021,2021,5,EV0,AF,0.137534671
JZ,010A,5/17/2021,2021,5,EV-2,M,0.169484882
JZ,010A,5/17/2021,2021,5,EV-4,M,0.095122053
JZ,010A,5/17/2021,2021,5,EV0,M,0.375579099
JZ,010B,5/17/2021,2021,5,EV-2,AF,0.113461598
JZ,010B,5/17/2021,2021,5,EV-4,AF,0.071184903
JZ,010B,5/17/2021,2021,5,EV0,AF,0.233920439
JZ,010C,5/17/2021,2021,5,EV-2,AF,0.092097585
JZ,010C,5/17/2021,2021,5,EV-4,AF,0.048132168
JZ,010C,5/17/2021,2021,5,EV0,AF,0.202785671
JZ,011A,5/17/2021,2021,5,EV-2,AF,0.138385076
JZ,011A,5/17/2021,2021,5,EV-4,AF,0.078872529
JZ,011A,5/17/2021,2021,5,EV0,AF,0.220842263
JZ,011B,5/17/2021,2021,5,EV-2,AF,0.108729633
JZ,011B,5/17/2021,2021,5,EV-4,AF,0.079195314
JZ,011B,5/17/2021,2021,5,EV0,AF,0.163166004
JZ,011C,5/17/2021,2021,5,EV-2,AF,0.0825809
JZ,011C,5/17/2021,2021,5,EV-4,AF,0.051014776
JZ,011C,5/17/2021,2021,5,EV0,AF,0.147811247
JZ,012A,5/17/2021,2021,5,EV-2,M,0.125755624
JZ,012A,5/17/2021,2021,5,EV-4,M,0.073244752
JZ,012A,5/17/2021,2021,5,EV0,M,0.222103679
JZ,012B,5/17/2021,2021,5,EV-2,AF,0.144008434
JZ,012B,5/17/2021,2021,5,EV-4,AF,0.077803166
JZ,012B,5/17/2021,2021,5,EV0,AF,0.22959878
JZ,012C,5/17/2021,2021,5,EV-2,AF,0.159175764
JZ,012C,5/17/2021,2021,5,EV-4,AF,0.078723085
JZ,012C,5/17/2021,2021,5,EV0,AF,0.265336608
JZ,013A,5/17/2021,2021,5,EV-2,AF,0.097542705
JZ,013A,5/17/2021,2021,5,EV-4,AF,0.044797633
JZ,013A,5/17/2021,2021,5,EV0,AF,0.199102359
JZ,013B,5/17/2021,2021,5,EV-2,AF,0.147845271
JZ,013B,5/17/2021,2021,5,EV-4,AF,0.079500339
JZ,013B,5/17/2021,2021,5,EV0,AF,0.264126593
JZ,013C,5/17/2021,2021,5,EV-2,AF,0.083870426
JZ,013C,5/17/2021,2021,5,EV-4,AF,0.039154283
JZ,013C,5/17/2021,2021,5,EV0,AF,0.175525119
JZ,014A,5/18/2021,2021,5,EV-2,M,0.251985025
JZ,014A,5/18/2021,2021,5,EV-4,M,0.150531479
JZ,014A,5/18/2021,2021,5,EV0,M,0.467600947
JZ,014B,5/17/2021,2021,5,EV-2,AF,0.111566484
JZ,014B,5/17/2021,2021,5,EV-4,AF,0.066178682
JZ,014B,5/17/2021,2021,5,EV0,AF,0.216100898
JZ,014C,5/17/2021,2021,5,EV-2,AF,0.130108294
JZ,014C,5/17/2021,2021,5,EV-4,AF,0.059143998
JZ,014C,5/17/2021,2021,5,EV0,AF,0.266751898
JZ,015A,5/18/2021,2021,5,EV-2,AF,0.096333884
JZ,015A,5/18/2021,2021,5,EV-4,AF,0.053255134
JZ,015A,5/18/2021,2021,5,EV0,AF,0.215316955
JZ,015B,5/18/2021,2021,5,EV-2,AF,0.139424899
JZ,015B,5/18/2021,2021,5,EV-4,AF,0.094950977
JZ,015B,5/18/2021,2021,5,EV0,AF,0.222477253
JZ,015C,5/18/2021,2021,5,EV-2,AF,0.076228957
JZ,015C,5/18/2021,2021,5,EV-4,AF,0.030810787
JZ,015C,5/18/2021,2021,5,EV0,AF,0.227983248
JZ,016A,5/18/2021,2021,5,EV-2,AF,0.103230792
JZ,016A,5/18/2021,2021,5,EV-4,AF,0.061857682
JZ,016A,5/18/2021,2021,5,EV0,AF,0.199580298
JZ,016B,5/18/2021,2021,5,EV-2,AF,0.17651263
JZ,016B,5/18/2021,2021,5,EV-4,AF,0.103548406
JZ,016B,5/18/2021,2021,5,EV0,AF,0.338384994
JZ,016C,5/18/2021,2021,5,EV-2,AF,0.105351369
JZ,016C,5/18/2021,2021,5,EV-4,AF,0.060328045
JZ,016C,5/18/2021,2021,5,EV0,AF,0.23751774
JZ,017A,5/18/2021,2021,5,EV-2,M,0.085076834
JZ,017A,5/18/2021,2021,5,EV-4,M,0.031662391
JZ,017A,5/18/2021,2021,5,EV0,M,0.23374164
JZ,017B,5/18/2021,2021,5,EV-2,AF,0.073543829
JZ,017B,5/18/2021,2021,5,EV-4,AF,0.042530343
JZ,017B,5/18/2021,2021,5,EV0,AF,0.184723097
JZ,017C,5/18/2021,2021,5,EV-2,AF,0.072819125
JZ,017C,5/18/2021,2021,5,EV-4,AF,0.037338156
JZ,017C,5/18/2021,2021,5,EV0,AF,0.209580369
JZ,018A,5/18/2021,2021,5,EV-2,M,0.09753278
JZ,018A,5/18/2021,2021,5,EV-4,M,0.048755291
JZ,018A,5/18/2021,2021,5,EV0,M,0.269598988
JZ,018B,5/18/2021,2021,5,EV-2,AF,0.093696173
JZ,018B,5/18/2021,2021,5,EV-4,AF,0.046433165
JZ,018B,5/18/2021,2021,5,EV0,AF,0.203341497
JZ,018C,5/18/2021,2021,5,EV-2,AF,0.093992152
JZ,018C,5/18/2021,2021,5,EV-4,AF,0.05194161
JZ,018C,5/18/2021,2021,5,EV0,AF,0.207646548
JZ,019A,5/18/2021,2021,5,EV-2,AF,0.070254753
JZ,019A,5/18/2021,2021,5,EV-4,AF,0.027737083
JZ,019A,5/18/2021,2021,5,EV0,AF,0.21043767
JZ,019B,5/18/2021,2021,5,EV-2,AF,0.102246508
JZ,019B,5/18/2021,2021,5,EV-4,AF,0.056654607
JZ,019B,5/18/2021,2021,5,EV0,AF,0.228105909
JZ,019C,5/18/2021,2021,5,EV-2,AF,0.091922251
JZ,019C,5/18/2021,2021,5,EV-4,AF,0.048217995
JZ,019C,5/18/2021,2021,5,EV0,AF,0.188349752
JZ,020A,5/19/2021,2021,5,EV-2,AF,0.092025306
JZ,020A,5/19/2021,2021,5,EV-4,AF,0.046249704
JZ,020A,5/19/2021,2021,5,EV0,AF,0.303621573
JZ,020B,5/19/2021,2021,5,EV-2,AF,0.097143986
JZ,020B,5/19/2021,2021,5,EV-4,AF,0.046820765
JZ,020B,5/19/2021,2021,5,EV0,AF,0.210683028
JZ,020C,5/19/2021,2021,5,EV-2,M,0.066741292
JZ,020C,5/19/2021,2021,5,EV-4,M,0.038203454
JZ,020C,5/19/2021,2021,5,EV0,M,0.157301405
JZ,021A,5/19/2021,2021,5,EV-2,M,0.049460684
JZ,021A,5/19/2021,2021,5,EV-4,M,0.027499675
JZ,021A,5/19/2021,2021,5,EV0,M,0.13819388
JZ,021B,5/19/2021,2021,5,EV-2,AF,0.09783749
JZ,021B,5/19/2021,2021,5,EV-4,AF,0.057690162
JZ,021B,5/19/2021,2021,5,EV0,AF,0.196473786
JZ,021C,5/19/2021,2021,5,EV-2,AF,0.054998051
JZ,021C,5/19/2021,2021,5,EV-4,AF,0.033820051
JZ,021C,5/19/2021,2021,5,EV0,AF,0.156350488
JZ,022A,5/19/2021,2021,5,EV-2,AF,0.068195868
JZ,022A,5/19/2021,2021,5,EV-4,AF,0.039432231
JZ,022A,5/19/2021,2021,5,EV0,AF,0.173790773
JZ,022B,5/19/2021,2021,5,EV-2,AF,0.079640668
JZ,022B,5/19/2021,2021,5,EV-4,AF,0.038875245
JZ,022B,5/19/2021,2021,5,EV0,AF,0.202839407
JZ,022C,5/19/2021,2021,5,EV-2,AF,0.14101423
JZ,022C,5/19/2021,2021,5,EV-4,AF,0.095606834
JZ,022C,5/19/2021,2021,5,EV0,AF,0.221682879
JZ,023A,5/19/2021,2021,5,EV-2,AF,0.093837678
JZ,023A,5/19/2021,2021,5,EV-4,AF,0.04705115
JZ,023A,5/19/2021,2021,5,EV0,AF,0.258605336
JZ,023B,5/19/2021,2021,5,EV-2,AF,0.082833975
JZ,023B,5/19/2021,2021,5,EV-4,AF,0.045754679
JZ,023B,5/19/2021,2021,5,EV0,AF,0.220315582
JZ,023C,5/19/2021,2021,5,EV-2,AF,0.048824808
JZ,023C,5/19/2021,2021,5,EV-4,AF,0.026068152
JZ,023C,5/19/2021,2021,5,EV0,AF,0.135532236
JZ,024A,5/19/2021,2021,5,EV-2,AF,0.099206011
JZ,024A,5/19/2021,2021,5,EV-4,AF,0.048484047
JZ,024A,5/19/2021,2021,5,EV0,AF,0.204505079
JZ,024B,5/19/2021,2021,5,EV-2,AF,0.098530101
JZ,024B,5/19/2021,2021,5,EV-4,AF,0.05383571
JZ,024B,5/19/2021,2021,5,EV0,AF,0.204686122
JZ,024C,5/19/2021,2021,5,EV-2,AF,0.113725976
JZ,024C,5/19/2021,2021,5,EV-4,AF,0.072618352
JZ,024C,5/19/2021,2021,5,EV0,AF,0.20688126
JZ,025A,5/20/2021,2021,5,EV-2,AF,0.088224402
JZ,025A,5/20/2021,2021,5,EV-4,AF,0.051832305
JZ,025A,5/20/2021,2021,5,EV0,AF,0.17685693
JZ,025B,5/20/2021,2021,5,EV-2,AF,0.065858374
JZ,025B,5/20/2021,2021,5,EV-4,AF,0.023152984
JZ,025B,5/20/2021,2021,5,EV0,AF,0.296756765
JZ,025C,5/20/2021,2021,5,EV-2,AF,0.060794181
JZ,025C,5/20/2021,2021,5,EV-4,AF,0.023866717
JZ,025C,5/20/2021,2021,5,EV0,AF,0.178838838
JZ,026A,5/20/2021,2021,5,EV-2,AF,0.138454342
JZ,026A,5/20/2021,2021,5,EV-4,AF,0.101464884
JZ,026A,5/20/2021,2021,5,EV0,AF,0.186786396
JZ,026B,5/20/2021,2021,5,EV-2,M,0.111359324
JZ,026B,5/20/2021,2021,5,EV-4,M,0.059786091
JZ,026B,5/20/2021,2021,5,EV0,M,0.230815684
JZ,026C,5/20/2021,2021,5,EV-2,AF,0.174441477
JZ,026C,5/20/2021,2021,5,EV-4,AF,0.122830311
JZ,026C,5/20/2021,2021,5,EV0,AF,0.279085029
JZ,027A,5/20/2021,2021,5,EV-2,M,0.066971272
JZ,027A,5/20/2021,2021,5,EV-4,M,0.033309258
JZ,027A,5/20/2021,2021,5,EV0,M,0.181866415
JZ,027B,5/20/2021,2021,5,EV-2,AF,0.266745385
JZ,027B,5/20/2021,2021,5,EV-4,AF,0.241105329
JZ,027B,5/20/2021,2021,5,EV0,AF,0.337938794
JZ,027C,5/20/2021,2021,5,EV-2,AF,0.113313214
JZ,027C,5/20/2021,2021,5,EV-4,AF,0.080336022
JZ,027C,5/20/2021,2021,5,EV0,AF,0.180793983
JZ,028A,5/20/2021,2021,5,EV-2,AF,0.087616144
JZ,028A,5/20/2021,2021,5,EV-4,AF,0.043096919
JZ,028A,5/20/2021,2021,5,EV0,AF,0.200695057
JZ,028B,5/20/2021,2021,5,EV-2,AF,0.097891897
JZ,028B,5/20/2021,2021,5,EV-4,AF,0.052842987
JZ,028B,5/20/2021,2021,5,EV0,AF,0.184433895
JZ,028C,5/20/2021,2021,5,EV-2,AF,0.065651069
JZ,028C,5/20/2021,2021,5,EV-4,AF,0.034173706
JZ,028C,5/20/2021,2021,5,EV0,AF,0.14126516
JZ,029A,5/20/2021,2021,5,EV-2,AF,0.072627671
JZ,029A,5/20/2021,2021,5,EV-4,AF,0.04614086
JZ,029A,5/20/2021,2021,5,EV0,AF,0.200475748
JZ,029B,8/2/2021,2021,8,EV-2,AF,0.063771235
JZ,029B,8/2/2021,2021,8,EV-4,AF,0.023700767
JZ,029B,8/2/2021,2021,8,EV0,AF,0.17997839
JZ,029C,8/2/2021,2021,8,EV-2,AF,0.103599223
JZ,029C,8/2/2021,2021,8,EV-4,AF,0.048002421
JZ,029C,8/2/2021,2021,8,EV0,AF,0.236476774
JZ,030A,8/2/2021,2021,8,EV-2,AF,0.088337812
JZ,030A,8/2/2021,2021,8,EV-4,AF,0.039098588
JZ,030A,8/2/2021,2021,8,EV0,AF,0.222853904
JZ,030B,8/2/2021,2021,8,EV-2,AF,0.152665537
JZ,030B,8/2/2021,2021,8,EV-4,AF,0.1238343
JZ,030B,8/2/2021,2021,8,EV0,AF,0.213760575
JZ,030C,8/2/2021,2021,8,EV-2,AF,0.129024048
JZ,030C,8/2/2021,2021,8,EV-4,AF,0.071231567
JZ,030C,8/2/2021,2021,8,EV0,AF,0.259837712
JZ,031A,8/2/2021,2021,8,EV-2,AF,0.120110816
JZ,031A,8/2/2021,2021,8,EV-4,AF,0.0745538
JZ,031A,8/2/2021,2021,8,EV0,AF,0.204296723
JZ,031B,8/2/2021,2021,8,EV-2,AF,0.06027321
JZ,031B,8/2/2021,2021,8,EV-4,AF,0.030777995
JZ,031B,8/2/2021,2021,8,EV0,AF,0.121424154
JZ,031C,8/2/2021,2021,8,EV-2,AF,0.071403183
JZ,031C,8/2/2021,2021,8,EV-4,AF,0.037301151
JZ,031C,8/2/2021,2021,8,EV0,AF,0.171260874
JZ,032A,6/25/2021,2021,6,EV-2,AF,0.197144912
JZ,032A,6/25/2021,2021,6,EV-4,AF,0.04640706
JZ,032A,6/25/2021,2021,6,EV0,AF,0.738108775
JZ,032B,6/25/2021,2021,6,EV-2,AF,0.120015391
JZ,032B,6/25/2021,2021,6,EV-4,AF,0.030340103
JZ,032B,6/25/2021,2021,6,EV0,AF,0.48120825
JZ,032C,6/25/2021,2021,6,EV-2,AF,0.152617949
JZ,032C,6/25/2021,2021,6,EV-4,AF,0.019915196
JZ,032C,6/25/2021,2021,6,EV0,AF,0.57024431
JZ,033A,8/2/2021,2021,8,EV-2,AF,0.09852424
JZ,033A,8/2/2021,2021,8,EV-4,AF,0.044519323
JZ,033A,8/2/2021,2021,8,EV0,AF,0.218082024
JZ,033B,8/2/2021,2021,8,EV-2,AF,0.110724854
JZ,033B,8/2/2021,2021,8,EV-4,AF,0.083181542
JZ,033B,8/2/2021,2021,8,EV0,AF,0.175653217
JZ,033C,8/2/2021,2021,8,EV-2,M,0.118155626
JZ,033C,8/2/2021,2021,8,EV-4,M,0.054773183
JZ,033C,8/2/2021,2021,8,EV0,M,0.248464947
JZ,034A,6/16/2021,2021,6,EV-2,M,0.11654992
JZ,034A,6/16/2021,2021,6,EV-4,M,0.070921488
JZ,034A,6/16/2021,2021,6,EV0,M,0.219762264
JZ,034B,6/16/2021,2021,6,EV-2,AF,0.078650365
JZ,034B,6/16/2021,2021,6,EV-4,AF,0.044442649
JZ,034B,6/16/2021,2021,6,EV0,AF,0.163095066
JZ,034C,6/25/2021,2021,6,EV-2,AF,0.285260665
JZ,034C,6/25/2021,2021,6,EV-4,AF,0.093369854
JZ,034C,6/25/2021,2021,6,EV0,AF,0.79268318
JZ,035A,6/14/2021,2021,6,EV-2,AF,0.075790754
JZ,035A,6/14/2021,2021,6,EV-4,AF,0.035708032
JZ,035A,6/14/2021,2021,6,EV0,AF,0.156343969
JZ,035B,6/14/2021,2021,6,EV-2,M,0.089050473
JZ,035B,6/14/2021,2021,6,EV-4,M,0.038529006
JZ,035B,6/14/2021,2021,6,EV0,M,0.239589666
JZ,035C,6/14/2021,2021,6,EV-2,AF,0.068906591
JZ,035C,6/14/2021,2021,6,EV-4,AF,0.038909661
JZ,035C,6/14/2021,2021,6,EV0,AF,0.130881513
JZ,036A,6/14/2021,2021,6,EV-2,AF,0.059814833
JZ,036A,6/14/2021,2021,6,EV-4,AF,0.025975965
JZ,036A,6/14/2021,2021,6,EV0,AF,0.200853152
JZ,036B,6/14/2021,2021,6,EV-2,AF,0.082264961
JZ,036B,6/14/2021,2021,6,EV-4,AF,0.029238982
JZ,036B,6/14/2021,2021,6,EV0,AF,0.188050878
JZ,036C,6/14/2021,2021,6,EV-2,AF,0.08468602
JZ,036C,6/14/2021,2021,6,EV-4,AF,0.055853881
JZ,036C,6/14/2021,2021,6,EV0,AF,0.163038375
JZ,037A,6/14/2021,2021,6,EV-2,M,0.065775393
JZ,037A,6/14/2021,2021,6,EV-4,M,0.028233525
JZ,037A,6/14/2021,2021,6,EV0,M,0.196660741
JZ,037B,6/14/2021,2021,6,EV-2,AF,0.060863361
JZ,037B,6/14/2021,2021,6,EV-4,AF,0.023460363
JZ,037B,6/14/2021,2021,6,EV0,AF,0.201224756
JZ,037C,6/14/2021,2021,6,EV-2,AF,0.154906652
JZ,037C,6/14/2021,2021,6,EV-4,AF,0.123015275
JZ,037C,6/14/2021,2021,6,EV0,AF,0.223138326
JZ,038A,6/14/2021,2021,6,EV-2,M,0.041770494
JZ,038A,6/14/2021,2021,6,EV-4,M,0.017358008
JZ,038A,6/14/2021,2021,6,EV0,M,0.125492631
JZ,038B,6/14/2021,2021,6,EV-2,AF,0.096803565
JZ,038B,6/14/2021,2021,6,EV-4,AF,0.058366805
JZ,038B,6/14/2021,2021,6,EV0,AF,0.155701836
JZ,038C,6/14/2021,2021,6,EV-2,AF,0.079107186
JZ,038C,6/14/2021,2021,6,EV-4,AF,0.051552837
JZ,038C,6/14/2021,2021,6,EV0,AF,0.173597079
JZ,039A,6/14/2021,2021,6,EV-2,AF,0.060698573
JZ,039A,6/14/2021,2021,6,EV-4,AF,0.031212633
JZ,039A,6/14/2021,2021,6,EV0,AF,0.218373691
JZ,039B,6/14/2021,2021,6,EV-2,AF,0.082683223
JZ,039B,6/14/2021,2021,6,EV-4,AF,0.050324227
JZ,039B,6/14/2021,2021,6,EV0,AF,0.226328322
JZ,039C,6/14/2021,2021,6,EV-2,M,0.064518775
JZ,039C,6/14/2021,2021,6,EV-4,M,0.034875182
JZ,039C,6/14/2021,2021,6,EV0,M,0.192204325
JZ,040A,6/13/2021,2021,6,EV-2,M,0.092037317
JZ,040A,6/13/2021,2021,6,EV-4,M,0.045938892
JZ,040A,6/13/2021,2021,6,EV0,M,0.221908267
JZ,040B,6/13/2021,2021,6,EV-2,AF,0.068702836
JZ,040B,6/13/2021,2021,6,EV-4,AF,0.034873285
JZ,040B,6/13/2021,2021,6,EV0,AF,0.16788823
JZ,040C,6/13/2021,2021,6,EV-2,AF,0.067993216
JZ,040C,6/13/2021,2021,6,EV-4,AF,0.03513729
JZ,040C,6/13/2021,2021,6,EV0,AF,0.18050683
JZ,041A,6/13/2021,2021,6,EV-2,AF,0.071035309
JZ,041A,6/13/2021,2021,6,EV-4,AF,0.038578521
JZ,041A,6/13/2021,2021,6,EV0,AF,0.157313193
JZ,041B,6/13/2021,2021,6,EV-2,M,0.090233309
JZ,041B,6/13/2021,2021,6,EV-4,M,0.040488761
JZ,041B,6/13/2021,2021,6,EV0,M,0.284435969
JZ,041C,6/13/2021,2021,6,EV-2,M,0.069742434
JZ,041C,6/13/2021,2021,6,EV-4,M,0.031331032
JZ,041C,6/13/2021,2021,6,EV0,M,0.185256005
JZ,042A,6/13/2021,2021,6,EV-2,M,0.109324685
JZ,042A,6/13/2021,2021,6,EV-4,M,0.054200017
JZ,042A,6/13/2021,2021,6,EV0,M,0.260472398
JZ,042B,6/13/2021,2021,6,EV-2,AF,0.110498881
JZ,042B,6/13/2021,2021,6,EV-4,AF,0.063208913
JZ,042B,6/13/2021,2021,6,EV0,AF,0.193775252
JZ,042C,6/13/2021,2021,6,EV-2,AF,0.103804033
JZ,042C,6/13/2021,2021,6,EV-4,AF,0.054289943
JZ,042C,6/13/2021,2021,6,EV0,AF,0.236965161
JZ,043A,6/13/2021,2021,6,EV-2,AF,0.084462972
JZ,043A,6/13/2021,2021,6,EV-4,AF,0.042582583
JZ,043A,6/13/2021,2021,6,EV0,AF,0.186451645
JZ,043B,6/13/2021,2021,6,EV-2,AF,0.067344052
JZ,043B,6/13/2021,2021,6,EV-4,AF,0.032302283
JZ,043B,6/13/2021,2021,6,EV0,AF,0.175109472
JZ,043C,6/13/2021,2021,6,EV-2,M,0.152508597
JZ,043C,6/13/2021,2021,6,EV-4,M,0.073273482
JZ,043C,6/13/2021,2021,6,EV0,M,0.296900967
JZ,044A,6/13/2021,2021,6,EV-2,M,0.073669891
JZ,044A,6/13/2021,2021,6,EV-4,M,0.02945825
JZ,044A,6/13/2021,2021,6,EV0,M,0.194957976
JZ,044B,6/13/2021,2021,6,EV-2,M,0.139757186
JZ,044B,6/13/2021,2021,6,EV-4,M,0.092753549
JZ,044B,6/13/2021,2021,6,EV0,M,0.247963332
JZ,044C,6/13/2021,2021,6,EV-2,M,0.159133738
JZ,044C,6/13/2021,2021,6,EV-4,M,0.093352877
JZ,044C,6/13/2021,2021,6,EV0,M,0.365927783
JZ,045A,6/12/2021,2021,6,EV-2,M,0.08173854
JZ,045A,6/12/2021,2021,6,EV-4,M,0.038902933
JZ,045A,6/12/2021,2021,6,EV0,M,0.20301631
JZ,045B,6/12/2021,2021,6,EV-2,M,0.130903178
JZ,045B,6/12/2021,2021,6,EV-4,M,0.066327096
JZ,045B,6/12/2021,2021,6,EV0,M,0.256528323
JZ,045C,6/12/2021,2021,6,EV-2,M,0.061233063
JZ,045C,6/12/2021,2021,6,EV-4,M,0.024092629
JZ,045C,6/12/2021,2021,6,EV0,M,0.170940661
JZ,046A,6/12/2021,2021,6,EV-2,M,0.080843532
JZ,046A,6/12/2021,2021,6,EV-4,M,0.039520406
JZ,046A,6/12/2021,2021,6,EV0,M,0.190212131
JZ,046B,6/12/2021,2021,6,EV-2,AF,0.071127176
JZ,046B,6/12/2021,2021,6,EV-4,AF,0.041921382
JZ,046B,6/12/2021,2021,6,EV0,AF,0.119362071
JZ,046C,6/12/2021,2021,6,EV-2,M,0.098752609
JZ,046C,6/12/2021,2021,6,EV-4,M,0.053811204
JZ,046C,6/12/2021,2021,6,EV0,M,0.185691625
JZ,047A,6/12/2021,2021,6,EV-2,AF,0.091141573
JZ,047A,6/12/2021,2021,6,EV-4,AF,0.044884969
JZ,047A,6/12/2021,2021,6,EV0,AF,0.182289409
JZ,047B,6/12/2021,2021,6,EV-2,AF,0.142391728
JZ,047B,6/12/2021,2021,6,EV-4,AF,0.080301871
JZ,047B,6/12/2021,2021,6,EV0,AF,0.25676773
JZ,047C,6/12/2021,2021,6,EV-2,AF,0.215053594
JZ,047C,6/12/2021,2021,6,EV-4,AF,0.140207697
JZ,047C,6/12/2021,2021,6,EV0,AF,0.341488268
JZ,048A,6/12/2021,2021,6,EV-2,AF,0.149093541
JZ,048A,6/12/2021,2021,6,EV-4,AF,0.070210492
JZ,048A,6/12/2021,2021,6,EV0,AF,0.245505413
JZ,048B,6/12/2021,2021,6,EV-2,AF,0.123312278
JZ,048B,6/12/2021,2021,6,EV-4,AF,0.061714252
JZ,048B,6/12/2021,2021,6,EV0,AF,0.206357142
JZ,048C,6/12/2021,2021,6,EV-2,AF,0.131944711
JZ,048C,6/12/2021,2021,6,EV-4,AF,0.067915281
JZ,048C,6/12/2021,2021,6,EV0,AF,0.232808341
JZ,049A,6/12/2021,2021,6,EV-2,M,0.235861477
JZ,049A,6/12/2021,2021,6,EV-4,M,0.132139204
JZ,049A,6/12/2021,2021,6,EV0,M,0.460462296
JZ,049B,6/12/2021,2021,6,EV-2,M,0.159566033
JZ,049B,6/12/2021,2021,6,EV-4,M,0.087057731
JZ,049B,6/12/2021,2021,6,EV0,M,0.376010054
JZ,049C,6/12/2021,2021,6,EV-2,AF,0.178403272
JZ,049C,6/12/2021,2021,6,EV-4,AF,0.096005789
JZ,049C,6/12/2021,2021,6,EV0,AF,0.279505838
JZ,050A,6/1/2021,2021,6,EV-2,AF,0.229995923
JZ,050A,6/1/2021,2021,6,EV-4,AF,0.083906034
JZ,050A,6/1/2021,2021,6,EV0,AF,0.412060201
JZ,050B,6/1/2021,2021,6,EV-2,AF,0.121766756
JZ,050B,6/1/2021,2021,6,EV-4,AF,0.055717806
JZ,050B,6/1/2021,2021,6,EV0,AF,0.306827815
JZ,050C,6/1/2021,2021,6,EV-2,AF,0.129520981
JZ,050C,6/1/2021,2021,6,EV-4,AF,0.053343876
JZ,050C,6/1/2021,2021,6,EV0,AF,0.25597738
JZ,051A,6/12/2021,2021,6,EV-2,AF,0.10840289
JZ,051A,6/12/2021,2021,6,EV-4,AF,0.067368152
JZ,051A,6/12/2021,2021,6,EV0,AF,0.192499927
JZ,051B,6/1/2021,2021,6,EV-2,AF,0.170498654
JZ,051B,6/1/2021,2021,6,EV-4,AF,0.06918613
JZ,051B,6/1/2021,2021,6,EV0,AF,0.3544554
JZ,051C,6/1/2021,2021,6,EV-2,AF,0.249816862
JZ,051C,6/1/2021,2021,6,EV-4,AF,0.086193493
JZ,051C,6/1/2021,2021,6,EV0,AF,0.511407557
JZ,052A,6/5/2021,2021,6,EV-2,AF,0.131389739
JZ,052A,6/5/2021,2021,6,EV-4,AF,0.078351755
JZ,052A,6/5/2021,2021,6,EV0,AF,0.250091737
JZ,052B,6/5/2021,2021,6,EV-2,AF,0.140977833
JZ,052B,6/5/2021,2021,6,EV-4,AF,0.100718863
JZ,052B,6/5/2021,2021,6,EV0,AF,0.215753919
JZ,052C,6/5/2021,2021,6,EV-2,AF,0.107833564
JZ,052C,6/5/2021,2021,6,EV-4,AF,0.064835449
JZ,052C,6/5/2021,2021,6,EV0,AF,0.194983101
JZ,053A,6/5/2021,2021,6,EV-2,AF,0.116547628
JZ,053A,6/5/2021,2021,6,EV-4,AF,0.055918044
JZ,053A,6/5/2021,2021,6,EV0,AF,0.227089482
JZ,053B,6/5/2021,2021,6,EV-2,AF,0.130076771
JZ,053B,6/5/2021,2021,6,EV-4,AF,0.078644941
JZ,053B,6/5/2021,2021,6,EV0,AF,0.269820415
JZ,053C,6/5/2021,2021,6,EV-2,AF,0.108161789
JZ,053C,6/5/2021,2021,6,EV-4,AF,0.066882457
JZ,053C,6/5/2021,2021,6,EV0,AF,0.222649021
JZ,054A,6/5/2021,2021,6,EV-2,AF,0.062032311
JZ,054A,6/5/2021,2021,6,EV-4,AF,0.030829804
JZ,054A,6/5/2021,2021,6,EV0,AF,0.149768889
JZ,054B,6/5/2021,2021,6,EV-2,AF,0.083442096
JZ,054B,6/5/2021,2021,6,EV-4,AF,0.039671651
JZ,054B,6/5/2021,2021,6,EV0,AF,0.181317943
JZ,054C,6/5/2021,2021,6,EV-2,M,0.156468552
JZ,054C,6/5/2021,2021,6,EV-4,M,0.084198293
JZ,054C,6/5/2021,2021,6,EV0,M,0.30991861
JZ,055A,6/5/2021,2021,6,EV-2,M,0.134036148
JZ,055A,6/5/2021,2021,6,EV-4,M,0.069332214
JZ,055A,6/5/2021,2021,6,EV0,M,0.313145789
JZ,055B,6/5/2021,2021,6,EV-2,AF,0.060785722
JZ,055B,6/5/2021,2021,6,EV-4,AF,0.026633219
JZ,055B,6/5/2021,2021,6,EV0,AF,0.15308562
JZ,055C,6/5/2021,2021,6,EV-2,M,0.139997157
JZ,055C,6/5/2021,2021,6,EV-4,M,0.07348825
JZ,055C,6/5/2021,2021,6,EV0,M,0.307733593
JZ,056A,6/5/2021,2021,6,EV-2,AF,0.137725683
JZ,056A,6/5/2021,2021,6,EV-4,AF,0.098614543
JZ,056A,6/5/2021,2021,6,EV0,AF,0.229713208
JZ,056B,6/5/2021,2021,6,EV-2,AF,0.075468015
JZ,056B,6/5/2021,2021,6,EV-4,AF,0.036260918
JZ,056B,6/5/2021,2021,6,EV0,AF,0.209138438
JZ,056C,6/5/2021,2021,6,EV-2,AF,0.09051869
JZ,056C,6/5/2021,2021,6,EV-4,AF,0.049981997
JZ,056C,6/5/2021,2021,6,EV0,AF,0.176562594
JZ,057A,5/21/2021,2021,5,EV-2,AF,0.14250223
JZ,057A,5/21/2021,2021,5,EV-4,AF,0.095340039
JZ,057A,5/21/2021,2021,5,EV0,AF,0.249221272
JZ,057B,5/21/2021,2021,5,EV-2,AF,0.109454558
JZ,057B,5/21/2021,2021,5,EV-4,AF,0.065379614
JZ,057B,5/21/2021,2021,5,EV0,AF,0.212279689
JZ,057C,5/21/2021,2021,5,EV-2,AF,0.136763731
JZ,057C,5/21/2021,2021,5,EV-4,AF,0.09548624
JZ,057C,5/21/2021,2021,5,EV0,AF,0.258666527
JZ,058A,6/5/2021,2021,6,EV-2,AF,0.185244421
JZ,058A,6/5/2021,2021,6,EV-4,AF,0.136005995
JZ,058A,6/5/2021,2021,6,EV0,AF,0.316695913
JZ,058B,6/5/2021,2021,6,EV-2,AF,0.085066869
JZ,058B,6/5/2021,2021,6,EV-4,AF,0.050630271
JZ,058B,6/5/2021,2021,6,EV0,AF,0.241902886
JZ,058C,6/5/2021,2021,6,EV-2,M,0.140061389
JZ,058C,6/5/2021,2021,6,EV-4,M,0.069806274
JZ,058C,6/5/2021,2021,6,EV0,M,0.420490612
JZ,059A,6/5/2021,2021,6,EV-2,AF,0.100941215
JZ,059A,6/5/2021,2021,6,EV-4,AF,0.052610102
JZ,059A,6/5/2021,2021,6,EV0,AF,0.213274278
JZ,059B,6/5/2021,2021,6,EV-2,M,0.110006746
JZ,059B,6/5/2021,2021,6,EV-4,M,0.060547852
JZ,059B,6/5/2021,2021,6,EV0,M,0.249144015
JZ,059C,6/5/2021,2021,6,EV-2,AF,0.07944517
JZ,059C,6/5/2021,2021,6,EV-4,AF,0.0463567
JZ,059C,6/5/2021,2021,6,EV0,AF,0.153132217
JZ,060A,6/5/2021,2021,6,EV-2,AF,0.124047894
JZ,060A,6/5/2021,2021,6,EV-4,AF,0.074971922
JZ,060A,6/5/2021,2021,6,EV0,AF,0.226576488
JZ,060B,6/5/2021,2021,6,EV-2,M,0.163821935
JZ,060B,6/5/2021,2021,6,EV-4,M,0.099277765
JZ,060B,6/5/2021,2021,6,EV0,M,0.335282631
JZ,060C,6/5/2021,2021,6,EV-2,AF,0.079206865
JZ,060C,6/5/2021,2021,6,EV-4,AF,0.043217073
JZ,060C,6/5/2021,2021,6,EV0,AF,0.197914115
JZ,061A,6/2/2021,2021,6,EV-2,AF,0.086963619
JZ,061A,6/2/2021,2021,6,EV-4,AF,0.039577136
JZ,061A,6/2/2021,2021,6,EV0,AF,0.266390498
JZ,061B,6/2/2021,2021,6,EV-2,M,0.099173393
JZ,061B,6/2/2021,2021,6,EV-4,M,0.043887889
JZ,061B,6/2/2021,2021,6,EV0,M,0.28739553
JZ,061C,6/2/2021,2021,6,EV-2,AF,0.100641824
JZ,061C,6/2/2021,2021,6,EV-4,AF,0.045218595
JZ,061C,6/2/2021,2021,6,EV0,AF,0.227565784
JZ,062A,6/2/2021,2021,6,EV-2,AF,0.129039848
JZ,062A,6/2/2021,2021,6,EV-4,AF,0.049276826
JZ,062A,6/2/2021,2021,6,EV0,AF,0.261861512
JZ,062B,6/2/2021,2021,6,EV-2,AF,0.156807404
JZ,062B,6/2/2021,2021,6,EV-4,AF,0.082310209
JZ,062B,6/2/2021,2021,6,EV0,AF,0.415575697
JZ,062C,6/2/2021,2021,6,EV-2,AF,0.0740588
JZ,062C,6/2/2021,2021,6,EV-4,AF,0.028546559
JZ,062C,6/2/2021,2021,6,EV0,AF,0.301233995
JZ,063A,6/2/2021,2021,6,EV-2,AF,0.089420884
JZ,063A,6/2/2021,2021,6,EV-4,AF,0.037378284
JZ,063A,6/2/2021,2021,6,EV0,AF,0.210024962
JZ,063B,6/2/2021,2021,6,EV-2,M,0.114643879
JZ,063B,6/2/2021,2021,6,EV-4,M,0.055749005
JZ,063B,6/2/2021,2021,6,EV0,M,0.289509836
JZ,063C,6/2/2021,2021,6,EV-2,AF,0.090171975
JZ,063C,6/2/2021,2021,6,EV-4,AF,0.041344115
JZ,063C,6/2/2021,2021,6,EV0,AF,0.260438147
JZ,064A,6/2/2021,2021,6,EV-2,AF,0.11164753
JZ,064A,6/2/2021,2021,6,EV-4,AF,0.049796274
JZ,064A,6/2/2021,2021,6,EV0,AF,0.301320656
JZ,064B,6/2/2021,2021,6,EV-2,AF,0.122585174
JZ,064B,6/2/2021,2021,6,EV-4,AF,0.063281005
JZ,064B,6/2/2021,2021,6,EV0,AF,0.316018662
JZ,064C,6/2/2021,2021,6,EV-2,AF,0.145303696
JZ,064C,6/2/2021,2021,6,EV-4,AF,0.068233485
JZ,064C,6/2/2021,2021,6,EV0,AF,0.295765991
JZ,065A,6/2/2021,2021,6,EV-2,AF,0.098694813
JZ,065A,6/2/2021,2021,6,EV-4,AF,0.039378946
JZ,065A,6/2/2021,2021,6,EV0,AF,0.307770956
JZ,065B,6/2/2021,2021,6,EV-2,AF,0.087172977
JZ,065B,6/2/2021,2021,6,EV-4,AF,0.037977514
JZ,065B,6/2/2021,2021,6,EV0,AF,0.257031183
JZ,065C,6/2/2021,2021,6,EV-2,AF,0.096738183
JZ,065C,6/2/2021,2021,6,EV-4,AF,0.045000329
JZ,065C,6/2/2021,2021,6,EV0,AF,0.287688479
JZ,066A,5/24/2021,2021,5,EV-2,AF,0.103062747
JZ,066A,5/24/2021,2021,5,EV-4,AF,0.057309079
JZ,066A,5/24/2021,2021,5,EV0,AF,0.196236846
JZ,066B,5/24/2021,2021,5,EV-2,AF,0.078744171
JZ,066B,5/24/2021,2021,5,EV-4,AF,0.03540085
JZ,066B,5/24/2021,2021,5,EV0,AF,0.216348491
JZ,066C,5/24/2021,2021,5,EV-2,AF,0.112291698
JZ,066C,5/24/2021,2021,5,EV-4,AF,0.069726891
JZ,066C,5/24/2021,2021,5,EV0,AF,0.185729539
JZ,067A,5/24/2021,2021,5,EV-2,AF,0.186686661
JZ,067A,5/24/2021,2021,5,EV-4,AF,0.123043438
JZ,067A,5/24/2021,2021,5,EV0,AF,0.296466219
JZ,067B,5/24/2021,2021,5,EV-2,AF,0.123268959
JZ,067B,5/24/2021,2021,5,EV-4,AF,0.079910466
JZ,067B,5/24/2021,2021,5,EV0,AF,0.267804669
JZ,067C,5/24/2021,2021,5,EV-2,AF,0.085449122
JZ,067C,5/24/2021,2021,5,EV-4,AF,0.046230486
JZ,067C,5/24/2021,2021,5,EV0,AF,0.200435845
JZ,068A,5/24/2021,2021,5,EV-2,AF,0.14694398
JZ,068A,5/24/2021,2021,5,EV-4,AF,0.066022272
JZ,068A,5/24/2021,2021,5,EV0,AF,0.25502879
JZ,068B,5/24/2021,2021,5,EV-2,M,0.143113394
JZ,068B,5/24/2021,2021,5,EV-4,M,0.091426978
JZ,068B,5/24/2021,2021,5,EV0,M,0.247617835
JZ,068C,5/24/2021,2021,5,EV-2,M,0.092369079
JZ,068C,5/24/2021,2021,5,EV-4,M,0.042256277
JZ,068C,5/24/2021,2021,5,EV0,M,0.260387256
JZ,069A,7/2/2021,2021,7,EV-2,AF,0.120033257
JZ,069A,7/2/2021,2021,7,EV-4,AF,0.081998942
JZ,069A,7/2/2021,2021,7,EV0,AF,0.204509925
JZ,069B,7/2/2021,2021,7,EV-2,M,0.096140302
JZ,069B,7/2/2021,2021,7,EV-4,M,0.058180992
JZ,069B,7/2/2021,2021,7,EV0,M,0.202213316
JZ,069C,7/2/2021,2021,7,EV-2,M,0.238090948
JZ,069C,7/2/2021,2021,7,EV-4,M,0.158868876
JZ,069C,7/2/2021,2021,7,EV0,M,0.369198261
JZ,070A,7/2/2021,2021,7,EV-2,AF,0.105151904
JZ,070A,7/2/2021,2021,7,EV-4,AF,0.056247606
JZ,070A,7/2/2021,2021,7,EV0,AF,0.203042388
JZ,070B,7/2/2021,2021,7,EV-2,M,0.127471732
JZ,070B,7/2/2021,2021,7,EV-4,M,0.06487083
JZ,070B,7/2/2021,2021,7,EV0,M,0.308978609
JZ,070C,7/2/2021,2021,7,EV-2,M,0.161710071
JZ,070C,7/2/2021,2021,7,EV-4,M,0.088269127
JZ,070C,7/2/2021,2021,7,EV0,M,0.368365184
JZ,071A,7/2/2021,2021,7,EV-2,AF,0.053680664
JZ,071A,7/2/2021,2021,7,EV-4,AF,0.032641534
JZ,071A,7/2/2021,2021,7,EV0,AF,0.120679765
JZ,071B,7/2/2021,2021,7,EV-2,AF,0.122768229
JZ,071B,7/2/2021,2021,7,EV-4,AF,0.028840802
JZ,071B,7/2/2021,2021,7,EV0,AF,0.329597157
JZ,071C,7/2/2021,2021,7,EV-2,M,0.245432766
JZ,071C,7/2/2021,2021,7,EV-4,M,0.181346346
JZ,071C,7/2/2021,2021,7,EV0,M,0.346958514
JZ,072A,7/2/2021,2021,7,EV-2,M,0.25374706
JZ,072A,7/2/2021,2021,7,EV-4,M,0.190824144
JZ,072A,7/2/2021,2021,7,EV0,M,0.388442236
JZ,072B,7/2/2021,2021,7,EV-2,AF,0.116896158
JZ,072B,7/2/2021,2021,7,EV-4,AF,0.084188549
JZ,072B,7/2/2021,2021,7,EV0,AF,0.17075414
JZ,072C,7/2/2021,2021,7,EV-2,M,0.10047194
JZ,072C,7/2/2021,2021,7,EV-4,M,0.055003801
JZ,072C,7/2/2021,2021,7,EV0,M,0.209079997
JZ,073A,7/2/2021,2021,7,EV-2,M,0.114237749
JZ,073A,7/2/2021,2021,7,EV-4,M,0.034147649
JZ,073A,7/2/2021,2021,7,EV0,M,0.333015051
JZ,073B,7/2/2021,2021,7,EV-2,M,0.073175232
JZ,073B,7/2/2021,2021,7,EV-4,M,0.042314948
JZ,073B,7/2/2021,2021,7,EV0,M,0.118025369
JZ,073C,7/2/2021,2021,7,EV-2,AF,0.071238701
JZ,073C,7/2/2021,2021,7,EV-4,AF,0.025940047
JZ,073C,7/2/2021,2021,7,EV0,AF,0.185216428
JZ,074A,7/2/2021,2021,7,EV-2,AF,0.085332232
JZ,074A,7/2/2021,2021,7,EV-4,AF,0.045612716
JZ,074A,7/2/2021,2021,7,EV0,AF,0.182340463
JZ,074B,7/2/2021,2021,7,EV-2,AF,0.255674987
JZ,074B,7/2/2021,2021,7,EV-4,AF,0.198853499
JZ,074B,7/2/2021,2021,7,EV0,AF,0.395077618
JZ,074C,7/2/2021,2021,7,EV-2,M,0.075184013
JZ,074C,7/2/2021,2021,7,EV-4,M,0.038675051
JZ,074C,7/2/2021,2021,7,EV0,M,0.192886381
JZ,075A,7/2/2021,2021,7,EV-2,AF,0.089101306
JZ,075A,7/2/2021,2021,7,EV-4,AF,0.041669276
JZ,075A,7/2/2021,2021,7,EV0,AF,0.202388999
JZ,075B,7/2/2021,2021,7,EV-2,M,0.082803241
JZ,075B,7/2/2021,2021,7,EV-4,M,0.033996738
JZ,075B,7/2/2021,2021,7,EV0,M,0.183044723
JZ,075C,7/2/2021,2021,7,EV-2,AF,0.066905412
JZ,075C,7/2/2021,2021,7,EV-4,AF,0.028565451
JZ,075C,7/2/2021,2021,7,EV0,AF,0.180441934
JZ,076A,7/2/2021,2021,7,EV-2,M,0.075668735
JZ,076A,7/2/2021,2021,7,EV-4,M,0.030573481
JZ,076A,7/2/2021,2021,7,EV0,M,0.174261475
JZ,076B,7/2/2021,2021,7,EV-2,AF,0.072795692
JZ,076B,7/2/2021,2021,7,EV-4,AF,0.030141841
JZ,076B,7/2/2021,2021,7,EV0,AF,0.224853498
JZ,076C,7/2/2021,2021,7,EV-2,AF,0.088295734
JZ,076C,7/2/2021,2021,7,EV-4,AF,0.045154219
JZ,076C,7/2/2021,2021,7,EV0,AF,0.224565407
JZ,077A,7/2/2021,2021,7,EV-2,AF,0.0566568
JZ,077A,7/2/2021,2021,7,EV-4,AF,0.024313054
JZ,077A,7/2/2021,2021,7,EV0,AF,0.148496294
JZ,077B,7/2/2021,2021,7,EV-2,AF,0.087169431
JZ,077B,7/2/2021,2021,7,EV-4,AF,0.042097218
JZ,077B,7/2/2021,2021,7,EV0,AF,0.174536729
JZ,077C,7/2/2021,2021,7,EV-2,M,0.068762646
JZ,077C,7/2/2021,2021,7,EV-4,M,0.025776243
JZ,077C,7/2/2021,2021,7,EV0,M,0.22781896
JZ,078A,7/2/2021,2021,7,EV-2,AF,0.089425468
JZ,078A,7/2/2021,2021,7,EV-4,AF,0.051126611
JZ,078A,7/2/2021,2021,7,EV0,AF,0.167938234
JZ,078B,7/2/2021,2021,7,EV-2,AF,0.068011144
JZ,078B,7/2/2021,2021,7,EV-4,AF,0.030275117
JZ,078B,7/2/2021,2021,7,EV0,AF,0.138906644
JZ,078C,7/2/2021,2021,7,EV-2,AF,0.065316458
JZ,078C,7/2/2021,2021,7,EV-4,AF,0.038170204
JZ,078C,7/2/2021,2021,7,EV0,AF,0.141230053
JZ,079A,7/2/2021,2021,7,EV-2,AF,0.090435048
JZ,079A,7/2/2021,2021,7,EV-4,AF,0.040680453
JZ,079A,7/2/2021,2021,7,EV0,AF,0.238084047
JZ,079B,7/2/2021,2021,7,EV-2,M,0.060805275
JZ,079B,7/2/2021,2021,7,EV-4,M,0.026891752
JZ,079B,7/2/2021,2021,7,EV0,M,0.256849399
JZ,079C,7/2/2021,2021,7,EV-2,AF,0.094680932
JZ,079C,7/2/2021,2021,7,EV-4,AF,0.045964317
JZ,079C,7/2/2021,2021,7,EV0,AF,0.209464115
JZ,080A,7/2/2021,2021,7,EV-2,AF,0.194968156
JZ,080A,7/2/2021,2021,7,EV-4,AF,0.111877105
JZ,080A,7/2/2021,2021,7,EV0,AF,0.394414176
JZ,080B,7/2/2021,2021,7,EV-2,AF,0.05891175
JZ,080B,7/2/2021,2021,7,EV-4,AF,0.026892022
JZ,080B,7/2/2021,2021,7,EV0,AF,0.147602899
JZ,080C,7/2/2021,2021,7,EV-2,AF,0.063621326
JZ,080C,7/2/2021,2021,7,EV-4,AF,0.03349064
JZ,080C,7/2/2021,2021,7,EV0,AF,0.139404126
JZ,081A,7/2/2021,2021,7,EV-2,M,0.095448875
JZ,081A,7/2/2021,2021,7,EV-4,M,0.038741624
JZ,081A,7/2/2021,2021,7,EV0,M,0.312428232
JZ,081B,7/2/2021,2021,7,EV-2,AF,0.063170528
JZ,081B,7/2/2021,2021,7,EV-4,AF,0.025785351
JZ,081B,7/2/2021,2021,7,EV0,AF,0.14472267
JZ,081C,7/2/2021,2021,7,EV-2,AF,0.096093177
JZ,081C,7/2/2021,2021,7,EV-4,AF,0.041581663
JZ,081C,7/2/2021,2021,7,EV0,AF,0.229023221
JZ,082A,7/2/2021,2021,7,EV-2,AF,0.066069389
JZ,082A,7/2/2021,2021,7,EV-4,AF,0.036356328
JZ,082A,7/2/2021,2021,7,EV0,AF,0.139967014
JZ,082B,7/2/2021,2021,7,EV-2,AF,0.123729141
JZ,082B,7/2/2021,2021,7,EV-4,AF,0.069430935
JZ,082B,7/2/2021,2021,7,EV0,AF,0.238303615
JZ,082C,7/2/2021,2021,7,EV-2,AF,0.114072397
JZ,082C,7/2/2021,2021,7,EV-4,AF,0.066289374
JZ,082C,7/2/2021,2021,7,EV0,AF,0.223240677
JZ,083A,7/2/2021,2021,7,EV-2,AF,0.052816352
JZ,083A,7/2/2021,2021,7,EV-4,AF,0.021287428
JZ,083A,7/2/2021,2021,7,EV0,AF,0.111589878
JZ,083B,7/13/2021,2021,7,EV-2,AF,0.064803555
JZ,083B,7/13/2021,2021,7,EV-4,AF,0.029651595
JZ,083B,7/13/2021,2021,7,EV0,AF,0.157372417
JZ,083C,7/13/2021,2021,7,EV-2,AF,0.112342692
JZ,083C,7/13/2021,2021,7,EV-4,AF,0.081708189
JZ,083C,7/13/2021,2021,7,EV0,AF,0.185083281
JZ,084A,7/2/2021,2021,7,EV-2,AF,0.079672694
JZ,084A,7/2/2021,2021,7,EV-4,AF,0.036940344
JZ,084A,7/2/2021,2021,7,EV0,AF,0.227537464
JZ,084B,7/2/2021,2021,7,EV-2,AF,0.102717766
JZ,084B,7/2/2021,2021,7,EV-4,AF,0.048685737
JZ,084B,7/2/2021,2021,7,EV0,AF,0.211544024
JZ,084C,7/2/2021,2021,7,EV-2,AF,0.080127629
JZ,084C,7/2/2021,2021,7,EV-4,AF,0.033804577
JZ,084C,7/2/2021,2021,7,EV0,AF,0.190527631
JZ,085A,7/13/2021,2021,7,EV-2,AF,0.084429681
JZ,085A,7/13/2021,2021,7,EV-4,AF,0.043178557
JZ,085A,7/13/2021,2021,7,EV0,AF,0.19452957
JZ,085B,7/13/2021,2021,7,EV-2,AF,0.080119449
JZ,085B,7/13/2021,2021,7,EV-4,AF,0.033119099
JZ,085B,7/13/2021,2021,7,EV0,AF,0.191403042
JZ,085C,7/13/2021,2021,7,EV-2,AF,0.101128082
JZ,085C,7/13/2021,2021,7,EV-4,AF,0.054971279
JZ,085C,7/13/2021,2021,7,EV0,AF,0.228605835
JZ,086A,7/14/2021,2021,7,EV-2,M,0.082560617
JZ,086A,7/14/2021,2021,7,EV-4,M,0.047282149
JZ,086A,7/14/2021,2021,7,EV0,M,0.184267617
JZ,086B,7/14/2021,2021,7,EV-2,M,0.116411867
JZ,086B,7/14/2021,2021,7,EV-4,M,0.072213341
JZ,086B,7/14/2021,2021,7,EV0,M,0.26934585
JZ,086C,7/14/2021,2021,7,EV-2,AF,0.174004353
JZ,086C,7/14/2021,2021,7,EV-4,AF,0.115716494
JZ,086C,7/14/2021,2021,7,EV0,AF,0.26586306
JZ,087A,7/14/2021,2021,7,EV-2,AF,0.061671077
JZ,087A,7/14/2021,2021,7,EV-4,AF,0.033963577
JZ,087A,7/14/2021,2021,7,EV0,AF,0.129019377
JZ,087B,7/14/2021,2021,7,EV-2,M,0.162286017
JZ,087B,7/14/2021,2021,7,EV-4,M,0.093065853
JZ,087B,7/14/2021,2021,7,EV0,M,0.288647462
JZ,087C,7/14/2021,2021,7,EV-2,AF,0.196194545
JZ,087C,7/14/2021,2021,7,EV-4,AF,0.09887075
JZ,087C,7/14/2021,2021,7,EV0,AF,0.309507835
JZ,088A,7/14/2021,2021,7,EV-2,AF,0.188866679
JZ,088A,7/14/2021,2021,7,EV-4,AF,0.124987502
JZ,088A,7/14/2021,2021,7,EV0,AF,0.2738316
JZ,088B,7/14/2021,2021,7,EV-2,AF,0.063181656
JZ,088B,7/14/2021,2021,7,EV-4,AF,0.029240154
JZ,088B,7/14/2021,2021,7,EV0,AF,0.168047492
JZ,088C,7/14/2021,2021,7,EV-2,AF,0.087394849
JZ,088C,7/14/2021,2021,7,EV-4,AF,0.045063835
JZ,088C,7/14/2021,2021,7,EV0,AF,0.157200531
JZ,089A,7/14/2021,2021,7,EV-2,AF,0.076962217
JZ,089A,7/14/2021,2021,7,EV-4,AF,0.036325315
JZ,089A,7/14/2021,2021,7,EV0,AF,0.241602857
JZ,089B,7/14/2021,2021,7,EV-2,M,0.133570023
JZ,089B,7/14/2021,2021,7,EV-4,M,0.061771545
JZ,089B,7/14/2021,2021,7,EV0,M,0.337486309
JZ,089C,7/14/2021,2021,7,EV-2,AF,0.083818968
JZ,089C,7/14/2021,2021,7,EV-4,AF,0.042885586
JZ,089C,7/14/2021,2021,7,EV0,AF,0.217190171
JZ,090A,7/14/2021,2021,7,EV-2,AF,0.071541116
JZ,090A,7/14/2021,2021,7,EV-4,AF,0.034944768
JZ,090A,7/14/2021,2021,7,EV0,AF,0.195499772
JZ,090B,7/14/2021,2021,7,EV-2,AF,0.124114155
JZ,090B,7/14/2021,2021,7,EV-4,AF,0.071851029
JZ,090B,7/14/2021,2021,7,EV0,AF,0.205294687
JZ,090C,7/14/2021,2021,7,EV-2,AF,0.069463264
JZ,090C,7/14/2021,2021,7,EV-4,AF,0.036376143
JZ,090C,7/14/2021,2021,7,EV0,AF,0.181257882
JZ,091A,7/15/2021,2021,7,EV-2,AF,0.083784629
JZ,091A,7/15/2021,2021,7,EV-4,AF,0.04658479
JZ,091A,7/15/2021,2021,7,EV0,AF,0.17526015
JZ,091B,7/15/2021,2021,7,EV-2,AF,0.126835844
JZ,091B,7/15/2021,2021,7,EV-4,AF,0.072110125
JZ,091B,7/15/2021,2021,7,EV0,AF,0.22571435
JZ,091C,7/15/2021,2021,7,EV-2,AF,0.073900648
JZ,091C,7/15/2021,2021,7,EV-4,AF,0.039020064
JZ,091C,7/15/2021,2021,7,EV0,AF,0.169988821
JZ,092A,7/15/2021,2021,7,EV-2,AF,0.075966159
JZ,092A,7/15/2021,2021,7,EV-4,AF,0.039430311
JZ,092A,7/15/2021,2021,7,EV0,AF,0.165828668
JZ,092B,7/15/2021,2021,7,EV-2,AF,0.066344785
JZ,092B,7/15/2021,2021,7,EV-4,AF,0.025237554
JZ,092B,7/15/2021,2021,7,EV0,AF,0.207958734
JZ,092C,7/15/2021,2021,7,EV-2,AF,0.109370608
JZ,092C,7/15/2021,2021,7,EV-4,AF,0.065082102
JZ,092C,7/15/2021,2021,7,EV0,AF,0.197818678
JZ,093A,7/15/2021,2021,7,EV-2,AF,0.113904274
JZ,093A,7/15/2021,2021,7,EV-4,AF,0.05272513
JZ,093A,7/15/2021,2021,7,EV0,AF,0.278006586
JZ,093B,7/15/2021,2021,7,EV-2,M,0.057037399
JZ,093B,7/15/2021,2021,7,EV-4,M,0.025793344
JZ,093B,7/15/2021,2021,7,EV0,M,0.170888887
JZ,093C,7/15/2021,2021,7,EV-2,AF,0.064076507
JZ,093C,7/15/2021,2021,7,EV-4,AF,0.031675724
JZ,093C,7/15/2021,2021,7,EV0,AF,0.156433788
JZ,094A,7/15/2021,2021,7,EV-2,M,0.144626334
JZ,094A,7/15/2021,2021,7,EV-4,M,0.080290072
JZ,094A,7/15/2021,2021,7,EV0,M,0.30086844
JZ,094B,7/15/2021,2021,7,EV-2,AF,0.054575384
JZ,094B,7/15/2021,2021,7,EV-4,AF,0.02637667
JZ,094B,7/15/2021,2021,7,EV0,AF,0.165008034
JZ,094C,7/15/2021,2021,7,EV-2,AF,0.087543519
JZ,094C,7/15/2021,2021,7,EV-4,AF,0.041220845
JZ,094C,7/15/2021,2021,7,EV0,AF,0.208263844
JZ,095A,7/15/2021,2021,7,EV-2,M,0.083062419
JZ,095A,7/15/2021,2021,7,EV-4,M,0.035408995
JZ,095A,7/15/2021,2021,7,EV0,M,0.276196084
JZ,095B,7/15/2021,2021,7,EV-2,M,0.075710757
JZ,095B,7/15/2021,2021,7,EV-4,M,0.043710737
JZ,095B,7/15/2021,2021,7,EV0,M,0.140059776
JZ,095C,7/15/2021,2021,7,EV-2,AF,0.059780208
JZ,095C,7/15/2021,2021,7,EV-4,AF,0.029210322
JZ,095C,7/15/2021,2021,7,EV0,AF,0.180967106
JZ,096A,7/15/2021,2021,7,EV-2,M,0.084471935
JZ,096A,7/15/2021,2021,7,EV-4,M,0.032735177
JZ,096A,7/15/2021,2021,7,EV0,M,0.237230248
JZ,096B,7/15/2021,2021,7,EV-2,AF,0.12602426
JZ,096B,7/15/2021,2021,7,EV-4,AF,0.078430602
JZ,096B,7/15/2021,2021,7,EV0,AF,0.231532236
JZ,096C,7/15/2021,2021,7,EV-2,AF,0.0799046
JZ,096C,7/15/2021,2021,7,EV-4,AF,0.041915886
JZ,096C,7/15/2021,2021,7,EV0,AF,0.167338961
JZ,097A,7/15/2021,2021,7,EV-2,AF,0.173393918
JZ,097A,7/15/2021,2021,7,EV-4,AF,0.140631996
JZ,097A,7/15/2021,2021,7,EV0,AF,0.249376661
JZ,097B,7/15/2021,2021,7,EV-2,AF,0.080431862
JZ,097B,7/15/2021,2021,7,EV-4,AF,0.041188989
JZ,097B,7/15/2021,2021,7,EV0,AF,0.22525248
JZ,097C,7/15/2021,2021,7,EV-2,M,0.087608039
JZ,097C,7/15/2021,2021,7,EV-4,M,0.033465319
JZ,097C,7/15/2021,2021,7,EV0,M,0.239834275
JZ,098A,7/15/2021,2021,7,EV-2,M,0.156620279
JZ,098A,7/15/2021,2021,7,EV-4,M,0.084207701
JZ,098A,7/15/2021,2021,7,EV0,M,0.32479962
JZ,098B,7/15/2021,2021,7,EV-2,M,0.133286758
JZ,098B,7/15/2021,2021,7,EV-4,M,0.080423197
JZ,098B,7/15/2021,2021,7,EV0,M,0.277538125
JZ,098C,7/15/2021,2021,7,EV-2,M,0.077660259
JZ,098C,7/15/2021,2021,7,EV-4,M,0.03482853
JZ,098C,7/15/2021,2021,7,EV0,M,0.152735848
JZ,099A,7/15/2021,2021,7,EV-2,M,0.106541777
JZ,099A,7/15/2021,2021,7,EV-4,M,0.04454355
JZ,099A,7/15/2021,2021,7,EV0,M,0.221021718
JZ,099B,7/15/2021,2021,7,EV-2,AF,0.055509747
JZ,099B,7/15/2021,2021,7,EV-4,AF,0.025295581
JZ,099B,7/15/2021,2021,7,EV0,AF,0.137778663
JZ,099C,7/15/2021,2021,7,EV-2,AF,0.062504915
JZ,099C,7/15/2021,2021,7,EV-4,AF,0.037153199
JZ,099C,7/15/2021,2021,7,EV0,AF,0.140383018
JZ,100A,7/19/2021,2021,7,EV-2,M,0.072867275
JZ,100A,7/19/2021,2021,7,EV-4,M,0.033521471
JZ,100A,7/19/2021,2021,7,EV0,M,0.18427438
JZ,100B,7/19/2021,2021,7,EV-2,M,0.165760555
JZ,100B,7/19/2021,2021,7,EV-4,M,0.054409351
JZ,100B,7/19/2021,2021,7,EV0,M,0.392619864
JZ,100C,7/19/2021,2021,7,EV-2,AF,0.150917077
JZ,100C,7/19/2021,2021,7,EV-4,AF,0.121967198
JZ,100C,7/19/2021,2021,7,EV0,AF,0.22382846
JZ,101A,7/19/2021,2021,7,EV-2,M,0.062545813
JZ,101A,7/19/2021,2021,7,EV-4,M,0.029682333
JZ,101A,7/19/2021,2021,7,EV0,M,0.183075452
JZ,101B,7/19/2021,2021,7,EV-2,AF,0.083183918
JZ,101B,7/19/2021,2021,7,EV-4,AF,0.043420901
JZ,101B,7/19/2021,2021,7,EV0,AF,0.222788051
JZ,101C,7/19/2021,2021,7,EV-2,AF,0.055995497
JZ,101C,7/19/2021,2021,7,EV-4,AF,0.025963321
JZ,101C,7/19/2021,2021,7,EV0,AF,0.092376646
JZ,102A,7/19/2021,2021,7,EV-2,M,0.115257366
JZ,102A,7/19/2021,2021,7,EV-4,M,0.05431214
JZ,102A,7/19/2021,2021,7,EV0,M,0.377350993
JZ,102B,7/19/2021,2021,7,EV-2,AF,0.072623767
JZ,102B,7/19/2021,2021,7,EV-4,AF,0.039407751
JZ,102B,7/19/2021,2021,7,EV0,AF,0.180226454
JZ,102C,7/19/2021,2021,7,EV-2,M,0.171975899
JZ,102C,7/19/2021,2021,7,EV-4,M,0.083886174
JZ,102C,7/19/2021,2021,7,EV0,M,0.349098397
JZ,103A,7/19/2021,2021,7,EV-2,M,0.146399883
JZ,103A,7/19/2021,2021,7,EV-4,M,0.05909463
JZ,103A,7/19/2021,2021,7,EV0,M,0.298033266
JZ,103B,7/19/2021,2021,7,EV-2,M,0.075680945
JZ,103B,7/19/2021,2021,7,EV-4,M,0.032862814
JZ,103B,7/19/2021,2021,7,EV0,M,0.164061668
JZ,103C,7/19/2021,2021,7,EV-2,AF,0.147138731
JZ,103C,7/19/2021,2021,7,EV-4,AF,0.066524033
JZ,103C,7/19/2021,2021,7,EV0,AF,0.273298707
JZ,104A,7/19/2021,2021,7,EV-2,AF,0.091121823
JZ,104A,7/19/2021,2021,7,EV-4,AF,0.037797966
JZ,104A,7/19/2021,2021,7,EV0,AF,0.25820301
JZ,104B,7/19/2021,2021,7,EV-2,AF,0.141365995
JZ,104B,7/19/2021,2021,7,EV-4,AF,0.069017106
JZ,104B,7/19/2021,2021,7,EV0,AF,0.254915511
JZ,104C,7/19/2021,2021,7,EV-2,AF,0.099327771
JZ,104C,7/19/2021,2021,7,EV-4,AF,0.049015595
JZ,104C,7/19/2021,2021,7,EV0,AF,0.215103107
JZ,105A,7/20/2021,2021,7,EV-2,M,0.069229577
JZ,105A,7/20/2021,2021,7,EV-4,M,0.026647674
JZ,105A,7/20/2021,2021,7,EV0,M,0.220674138
JZ,105B,7/20/2021,2021,7,EV-2,AF,0.062621308
JZ,105B,7/20/2021,2021,7,EV-4,AF,0.031424708
JZ,105B,7/20/2021,2021,7,EV0,AF,0.193961481
JZ,105C,7/20/2021,2021,7,EV-2,AF,0.064812423
JZ,105C,7/20/2021,2021,7,EV-4,AF,0.030291885
JZ,105C,7/20/2021,2021,7,EV0,AF,0.159703489
JZ,106A,7/19/2021,2021,7,EV-2,AF,0.101529819
JZ,106A,7/19/2021,2021,7,EV-4,AF,0.060565391
JZ,106A,7/19/2021,2021,7,EV0,AF,0.163445255
JZ,106B,7/19/2021,2021,7,EV-2,M,0.149065135
JZ,106B,7/19/2021,2021,7,EV-4,M,0.082135534
JZ,106B,7/19/2021,2021,7,EV0,M,0.297580104
JZ,106C,7/19/2021,2021,7,EV-2,AF,0.156699197
JZ,106C,7/19/2021,2021,7,EV-4,AF,0.093630721
JZ,106C,7/19/2021,2021,7,EV0,AF,0.290432548
JZ,107A,7/20/2021,2021,7,EV-2,AF,0.09578676
JZ,107A,7/20/2021,2021,7,EV-4,AF,0.041343457
JZ,107A,7/20/2021,2021,7,EV0,AF,0.343487215
JZ,107B,7/20/2021,2021,7,EV-2,AF,0.10506675
JZ,107B,7/20/2021,2021,7,EV-4,AF,0.081996703
JZ,107B,7/20/2021,2021,7,EV0,AF,0.161510324
JZ,107C,7/20/2021,2021,7,EV-2,AF,0.062295511
JZ,107C,7/20/2021,2021,7,EV-4,AF,0.02185077
JZ,107C,7/20/2021,2021,7,EV0,AF,0.182086542
JZ,108A,7/19/2021,2021,7,EV-2,AF,0.128679701
JZ,108A,7/19/2021,2021,7,EV-4,AF,0.075038874
JZ,108A,7/19/2021,2021,7,EV0,AF,0.255338262
JZ,108B,7/19/2021,2021,7,EV-2,M,0.166225212
JZ,108B,7/19/2021,2021,7,EV-4,M,0.068533297
JZ,108B,7/19/2021,2021,7,EV0,M,0.37833872
JZ,108C,7/19/2021,2021,7,EV-2,M,0.095322166
JZ,108C,7/19/2021,2021,7,EV-4,M,0.039807909
JZ,108C,7/19/2021,2021,7,EV0,M,0.265849522
JZ,109A,7/20/2021,2021,7,EV-2,AF,0.064867585
JZ,109A,7/20/2021,2021,7,EV-4,AF,0.029609455
JZ,109A,7/20/2021,2021,7,EV0,AF,0.265478681
JZ,109B,7/20/2021,2021,7,EV-2,AF,0.096681905
JZ,109B,7/20/2021,2021,7,EV-4,AF,0.059392901
JZ,109B,7/20/2021,2021,7,EV0,AF,0.225468685
JZ,109C,7/20/2021,2021,7,EV-2,AF,0.137494761
JZ,109C,7/20/2021,2021,7,EV-4,AF,0.09200544
JZ,109C,7/20/2021,2021,7,EV0,AF,0.230275663
JZ,110A,5/21/2021,2021,5,EV-2,AF,0.082460984
JZ,110A,5/21/2021,2021,5,EV-4,AF,0.033267731
JZ,110A,5/21/2021,2021,5,EV0,AF,0.204887133
JZ,110B,5/21/2021,2021,5,EV-2,AF,0.150876802
JZ,110B,5/21/2021,2021,5,EV-4,AF,0.111871313
JZ,110B,5/21/2021,2021,5,EV0,AF,0.2376307
JZ,110C,5/21/2021,2021,5,EV-2,AF,0.129503319
JZ,110C,5/21/2021,2021,5,EV-4,AF,0.056222888
JZ,110C,5/21/2021,2021,5,EV0,AF,0.313794241
JZ,111A,7/20/2021,2021,7,EV-2,M,0.114233088
JZ,111A,7/20/2021,2021,7,EV-4,M,0.046277408
JZ,111A,7/20/2021,2021,7,EV0,M,0.356414152
JZ,111B,7/20/2021,2021,7,EV-2,AF,0.070802575
JZ,111B,7/20/2021,2021,7,EV-4,AF,0.023496609
JZ,111B,7/20/2021,2021,7,EV0,AF,0.23147224
JZ,111C,7/20/2021,2021,7,EV-2,AF,0.058468673
JZ,111C,7/20/2021,2021,7,EV-4,AF,0.02528532
JZ,111C,7/20/2021,2021,7,EV0,AF,0.150230292
JZ,112A,7/20/2021,2021,7,EV-2,M,0.066475088
JZ,112A,7/20/2021,2021,7,EV-4,M,0.029503719
JZ,112A,7/20/2021,2021,7,EV0,M,0.243533528
JZ,112B,7/20/2021,2021,7,EV-2,M,0.061106937
JZ,112B,7/20/2021,2021,7,EV-4,M,0.024153518
JZ,112B,7/20/2021,2021,7,EV0,M,0.163141583
JZ,112C,7/20/2021,2021,7,EV-2,AF,0.060538372
JZ,112C,7/20/2021,2021,7,EV-4,AF,0.031118922
JZ,112C,7/20/2021,2021,7,EV0,AF,0.157023391
JZ,113A,7/20/2021,2021,7,EV-2,M,0.13143674
JZ,113A,7/20/2021,2021,7,EV-4,M,0.052787977
JZ,113A,7/20/2021,2021,7,EV0,M,0.355216312
JZ,113B,7/20/2021,2021,7,EV-2,AF,0.098762333
JZ,113B,7/20/2021,2021,7,EV-4,AF,0.044382723
JZ,113B,7/20/2021,2021,7,EV0,AF,0.213794206
JZ,113C,7/20/2021,2021,7,EV-2,M,0.08165191
JZ,113C,7/20/2021,2021,7,EV-4,M,0.040067319
JZ,113C,7/20/2021,2021,7,EV0,M,0.171262001
JZ,114A,7/20/2021,2021,7,EV-2,M,0.068387805
JZ,114A,7/20/2021,2021,7,EV-4,M,0.035541972
JZ,114A,7/20/2021,2021,7,EV0,M,0.126282431
JZ,114B,7/20/2021,2021,7,EV-2,AF,0.071611465
JZ,114B,7/20/2021,2021,7,EV-4,AF,0.034862974
JZ,114B,7/20/2021,2021,7,EV0,AF,0.160834637
JZ,114C,7/20/2021,2021,7,EV-2,M,0.117251686
JZ,114C,7/20/2021,2021,7,EV-4,M,0.04390648
JZ,114C,7/20/2021,2021,7,EV0,M,0.336163337
JZ,115A,7/20/2021,2021,7,EV-2,M,0.127461029
JZ,115A,7/20/2021,2021,7,EV-4,M,0.057793204
JZ,115A,7/20/2021,2021,7,EV0,M,0.361323078
JZ,115B,7/20/2021,2021,7,EV-2,AF,0.088000256
JZ,115B,7/20/2021,2021,7,EV-4,AF,0.041666007
JZ,115B,7/20/2021,2021,7,EV0,AF,0.18695981
JZ,115C,7/20/2021,2021,7,EV-2,AF,0.098366177
JZ,115C,7/20/2021,2021,7,EV-4,AF,0.050865585
JZ,115C,7/20/2021,2021,7,EV0,AF,0.179724124
JZ,116A,5/21/2021,2021,5,EV-2,M,0.114329763
JZ,116A,5/21/2021,2021,5,EV-4,M,0.048797935
JZ,116A,5/21/2021,2021,5,EV0,M,0.229215815
JZ,116B,5/21/2021,2021,5,EV-2,AF,0.107128791
JZ,116B,5/21/2021,2021,5,EV-4,AF,0.058219437
JZ,116B,5/21/2021,2021,5,EV0,AF,0.232571229
JZ,116C,5/21/2021,2021,5,EV-2,AF,0.081989377
JZ,116C,5/21/2021,2021,5,EV-4,AF,0.044440048
JZ,116C,5/21/2021,2021,5,EV0,AF,0.176398536
JZ,117A,5/21/2021,2021,5,EV-2,AF,0.202077206
JZ,117A,5/21/2021,2021,5,EV-4,AF,0.151544272
JZ,117A,5/21/2021,2021,5,EV0,AF,0.332392145
JZ,117B,5/21/2021,2021,5,EV-2,AF,0.142999445
JZ,117B,5/21/2021,2021,5,EV-4,AF,0.078208381
JZ,117B,5/21/2021,2021,5,EV0,AF,0.255217195
JZ,117C,5/21/2021,2021,5,EV-2,M,0.086602474
JZ,117C,5/21/2021,2021,5,EV-4,M,0.045858673
JZ,117C,5/21/2021,2021,5,EV0,M,0.225100998
JZ,118A,5/21/2021,2021,5,EV-2,AF,0.100003662
JZ,118A,5/21/2021,2021,5,EV-4,AF,0.055100386
JZ,118A,5/21/2021,2021,5,EV0,AF,0.201031215
JZ,118B,5/21/2021,2021,5,EV-2,AF,0.0904595
JZ,118B,5/21/2021,2021,5,EV-4,AF,0.043626447
JZ,118B,5/21/2021,2021,5,EV0,AF,0.272426271
JZ,118C,5/21/2021,2021,5,EV-2,AF,0.105079289
JZ,118C,5/21/2021,2021,5,EV-4,AF,0.059531133
JZ,118C,5/21/2021,2021,5,EV0,AF,0.227809005
JZ,119A,5/21/2021,2021,5,EV-2,M,0.073499425
JZ,119A,5/21/2021,2021,5,EV-4,M,0.037793813
JZ,119A,5/21/2021,2021,5,EV0,M,0.193218751
JZ,119B,5/21/2021,2021,5,EV-2,AF,0.083860232
JZ,119B,5/21/2021,2021,5,EV-4,AF,0.057642136
JZ,119B,5/21/2021,2021,5,EV0,AF,0.159812783
JZ,119C,5/21/2021,2021,5,EV-2,AF,0.083930092
JZ,119C,5/21/2021,2021,5,EV-4,AF,0.047538737
JZ,119C,5/21/2021,2021,5,EV0,AF,0.216056865
JZ,120A,5/21/2021,2021,5,EV-2,AF,0.099468005
JZ,120A,5/21/2021,2021,5,EV-4,AF,0.056742613
JZ,120A,5/21/2021,2021,5,EV0,AF,0.214564589
JZ,120B,5/21/2021,2021,5,EV-2,AF,0.110346577
JZ,120B,5/21/2021,2021,5,EV-4,AF,0.067793253
JZ,120B,5/21/2021,2021,5,EV0,AF,0.203240725
JZ,120C,5/21/2021,2021,5,EV-2,AF,0.084289183
JZ,120C,5/21/2021,2021,5,EV-4,AF,0.040233782
JZ,120C,5/21/2021,2021,5,EV0,AF,0.186600636
